index,path,label,bugs
0,D:\program\SC_Related\git_tag\atlas\common\src\main\java\org\apache\atlas\groovy\FieldExpression.java,16,4
1,D:\program\SC_Related\git_tag\atlas\repository\src\test\java\org\apache\atlas\repository\impexp\ZipSinkTest.java,1,4
2,D:\program\SC_Related\git_tag\atlas\intg\src\main\java\org\apache\atlas\listener\EntityChangeListenerV2.java,22,3
3,D:\program\SC_Related\git_tag\atlas\webapp\src\test\java\org\apache\atlas\web\listeners\LoginProcessorIT.java,1,3
4,D:\program\SC_Related\git_tag\atlas\intg\src\main\java\org\apache\atlas\model\instance\AtlasObjectId.java,1,10
7,D:\program\SC_Related\git_tag\atlas\authorization\src\main\java\org\apache\atlas\authorize\AtlasAuthorizationUtils.java,14,7
8,D:\program\SC_Related\git_tag\atlas\repository\src\test\java\org\apache\atlas\repository\migration\HiveStocksTest.java,1,9
9,D:\program\SC_Related\git_tag\atlas\repository\src\test\java\org\apache\atlas\repository\impexp\ExportSkipLineageTest.java,1,3
10,D:\program\SC_Related\git_tag\atlas\addons\hive-bridge\src\test\java\org\apache\atlas\hive\hook\HiveHookIT.java,1,59
11,D:\program\SC_Related\git_tag\atlas\repository\src\main\java\org\apache\atlas\repository\store\graph\v2\ClassificationAssociator.java,1,3
13,D:\program\SC_Related\git_tag\atlas\addons\storm-bridge-shim\src\main\java\org\apache\atlas\storm\hook\StormAtlasHook.java,7,3
14,D:\program\SC_Related\git_tag\atlas\intg\src\main\java\org\apache\atlas\exception\AtlasBaseException.java,8,4
15,D:\program\SC_Related\git_tag\atlas\repository\src\main\java\org\apache\atlas\repository\ogm\profiles\AtlasUserProfileDTO.java,1,3
17,D:\program\SC_Related\git_tag\atlas\repository\src\main\java\org\apache\atlas\repository\impexp\ExportService.java,1,23
18,D:\program\SC_Related\git_tag\atlas\addons\falcon-bridge-shim\src\main\java\org\apache\atlas\falcon\service\AtlasService.java,1,4
19,D:\program\SC_Related\git_tag\atlas\notification\src\test\java\org\apache\atlas\kafka\KafkaNotificationTest.java,36,12
20,D:\program\SC_Related\git_tag\atlas\common\src\main\java\org\apache\atlas\utils\PropertiesUtil.java,1,2
21,D:\program\SC_Related\git_tag\atlas\addons\hive-bridge\src\main\java\org\apache\atlas\hive\hook\events\AlterTableRenameCol.java,1,2
23,D:\program\SC_Related\git_tag\atlas\addons\kafka-bridge\src\main\java\org\apache\atlas\kafka\bridge\KafkaBridge.java,1,4
25,D:\program\SC_Related\git_tag\atlas\webapp\src\test\java\org\apache\atlas\web\service\ActiveInstanceStateTest.java,1,3
27,D:\program\SC_Related\git_tag\atlas\intg\src\test\java\org\apache\atlas\type\TestAtlasStructType.java,1,5
28,D:\program\SC_Related\git_tag\atlas\authorization\src\main\java\org\apache\atlas\authorize\AtlasNoneAuthorizer.java,14,2
29,D:\program\SC_Related\git_tag\atlas\client\client-v1\src\main\java\org\apache\atlas\EntityAuditEvent.java,1,6
30,D:\program\SC_Related\git_tag\atlas\repository\src\main\java\org\apache\atlas\repository\audit\CassandraBasedAuditRepository.java,6,5
31,D:\program\SC_Related\git_tag\atlas\common\src\main\java\org\apache\atlas\groovy\VariableAssignmentExpression.java,16,4
32,D:\program\SC_Related\git_tag\atlas\webapp\src\main\java\org\apache\atlas\web\service\ActiveInstanceElectorService.java,6,2
33,D:\program\SC_Related\git_tag\atlas\repository\src\test\java\org\apache\atlas\repository\impexp\IncrementalExportEntityProviderTest.java,1,2
34,D:\program\SC_Related\git_tag\atlas\webapp\src\main\java\org\apache\atlas\web\service\ServiceState.java,6,3
36,D:\program\SC_Related\git_tag\atlas\addons\hive-bridge\src\main\java\org\apache\atlas\hive\hook\events\AlterDatabase.java,1,2
38,D:\program\SC_Related\git_tag\atlas\intg\src\main\java\org\apache\atlas\v1\model\lineage\LineageResponse.java,1,2
39,D:\program\SC_Related\git_tag\atlas\intg\src\test\java\org\apache\atlas\type\TestAtlasBigIntegerType.java,1,2
41,D:\program\SC_Related\git_tag\atlas\graphdb\api\src\main\java\org\apache\atlas\repository\graphdb\AtlasVertexQuery.java,1,5
42,D:\program\SC_Related\git_tag\atlas\repository\src\main\java\org\apache\atlas\repository\graph\AtlasGraphProvider.java,1,6
43,D:\program\SC_Related\git_tag\atlas\client\client-v2\src\main\java\org\apache\atlas\AtlasClientV2.java,1,8
45,D:\program\SC_Related\git_tag\atlas\repository\src\test\java\org\apache\atlas\services\MetricsServiceTest.java,1,13
46,D:\program\SC_Related\git_tag\atlas\webapp\src\test\java\org\apache\atlas\web\integration\DataSetLineageJerseyResourceIT.java,1,5
47,D:\program\SC_Related\git_tag\atlas\repository\src\test\java\org\apache\atlas\repository\impexp\AtlasImportRequestTest.java,1,2
48,D:\program\SC_Related\git_tag\atlas\webapp\src\test\java\org\apache\atlas\web\setup\SetupStepsTest.java,1,3
49,D:\program\SC_Related\git_tag\atlas\authorization\src\main\java\org\apache\atlas\authorize\AtlasRelationshipAccessRequest.java,1,2
50,D:\program\SC_Related\git_tag\atlas\repository\src\main\java\org\apache\atlas\repository\store\graph\v2\BulkImporterImpl.java,12,2
53,D:\program\SC_Related\git_tag\atlas\repository\src\main\java\org\apache\atlas\repository\util\UniqueList.java,1,3
54,D:\program\SC_Related\git_tag\atlas\repository\src\test\java\org\apache\atlas\repository\impexp\ZipFileResourceTestUtils.java,1,19
55,D:\program\SC_Related\git_tag\atlas\common\src\main\java\org\apache\atlas\AtlasConstants.java,1,8
56,D:\program\SC_Related\git_tag\atlas\repository\src\main\java\org\apache\atlas\discovery\EntitySearchProcessor.java,1,19
57,D:\program\SC_Related\git_tag\atlas\intg\src\main\java\org\apache\atlas\model\impexp\AtlasExportResult.java,1,9
60,D:\program\SC_Related\git_tag\atlas\webapp\src\main\java\org\apache\atlas\web\security\AtlasLdapAuthenticationProvider.java,14,7
61,D:\program\SC_Related\git_tag\atlas\repository\src\test\java\org\apache\atlas\repository\impexp\ExportImportTestBase.java,1,6
63,D:\program\SC_Related\git_tag\atlas\repository\src\main\java\org\apache\atlas\discovery\EntityLineageService.java,1,18
64,D:\program\SC_Related\git_tag\atlas\notification\src\main\java\org\apache\atlas\hook\AtlasHook.java,1,23
66,D:\program\SC_Related\git_tag\atlas\repository\src\main\java\org\apache\atlas\query\DSLVisitor.java,1,9
68,D:\program\SC_Related\git_tag\atlas\addons\falcon-bridge\src\test\java\org\apache\atlas\falcon\hook\FalconHookIT.java,3,17
70,D:\program\SC_Related\git_tag\atlas\repository\src\main\java\org\apache\atlas\query\antlr4\AtlasDSLLexer.java,24,5
73,D:\program\SC_Related\git_tag\atlas\repository\src\main\java\org\apache\atlas\repository\audit\NoopEntityAuditRepository.java,1,6
75,D:\program\SC_Related\git_tag\atlas\intg\src\main\java\org\apache\atlas\entitytransform\TransformerContext.java,1,2
76,D:\program\SC_Related\git_tag\atlas\intg\src\main\java\org\apache\atlas\model\lineage\AtlasLineageInfo.java,1,3
77,D:\program\SC_Related\git_tag\atlas\repository\src\main\java\org\apache\atlas\services\MetricsService.java,1,10
78,D:\program\SC_Related\git_tag\atlas\authorization\src\main\java\org\apache\atlas\authorize\AtlasAuthorizer.java,14,4
79,D:\program\SC_Related\git_tag\atlas\webapp\src\test\java\org\apache\atlas\notification\AdaptiveWaiterTest.java,12,3
81,D:\program\SC_Related\git_tag\atlas\graphdb\common\src\main\java\org\apache\atlas\repository\graphdb\tinkerpop\query\TinkerpopGraphQuery.java,1,4
82,D:\program\SC_Related\git_tag\atlas\webapp\src\test\java\org\apache\atlas\web\integration\AdminJerseyResourceIT.java,1,2
83,D:\program\SC_Related\git_tag\atlas\graphdb\janus\src\test\java\org\apache\atlas\repository\graphdb\janus\migration\ReaderStatusManagerTest.java,1,2
84,D:\program\SC_Related\git_tag\atlas\common\src\main\java\org\apache\atlas\groovy\ListExpression.java,16,4
86,D:\program\SC_Related\git_tag\atlas\common\src\main\java\org\apache\atlas\groovy\TraversalStepType.java,18,3
87,D:\program\SC_Related\git_tag\atlas\repository\src\test\java\org\apache\atlas\repository\migration\MigrationBaseAsserts.java,1,6
89,D:\program\SC_Related\git_tag\atlas\repository\src\main\java\org\apache\atlas\util\AtlasGremlin2QueryProvider.java,1,18
90,D:\program\SC_Related\git_tag\atlas\intg\src\main\java\org\apache\atlas\AtlasConfiguration.java,1,3
91,D:\program\SC_Related\git_tag\atlas\common\src\main\java\org\apache\atlas\groovy\IdentifierExpression.java,16,4
92,D:\program\SC_Related\git_tag\atlas\intg\src\main\java\org\apache\atlas\model\glossary\AtlasGlossaryCategory.java,1,4
94,D:\program\SC_Related\git_tag\atlas\graphdb\janus\src\main\java\org\apache\atlas\repository\graphdb\janus\AtlasJanusVertex.java,5,2
96,D:\program\SC_Related\git_tag\atlas\intg\src\main\java\org\apache\atlas\ApplicationProperties.java,1,5
97,D:\program\SC_Related\git_tag\atlas\graphdb\api\src\main\java\org\apache\atlas\repository\graphdb\AtlasGraph.java,1,14
98,D:\program\SC_Related\git_tag\atlas\webapp\src\main\java\org\apache\atlas\notification\NotificationHookConsumer.java,1,42
99,D:\program\SC_Related\git_tag\atlas\webapp\src\test\java\org\apache\atlas\examples\QuickStartV2IT.java,1,9
100,D:\program\SC_Related\git_tag\atlas\webapp\src\main\java\org\apache\atlas\web\filters\AtlasAuthenticationEntryPoint.java,1,2
101,D:\program\SC_Related\git_tag\atlas\repository\src\test\java\org\apache\atlas\repository\store\graph\AtlasTypeDefGraphStoreTest.java,1,21
104,D:\program\SC_Related\git_tag\atlas\webapp\src\main\java\org\apache\atlas\web\rest\EntityREST.java,1,31
105,D:\program\SC_Related\git_tag\atlas\repository\src\test\java\org\apache\atlas\utils\TestResourceFileUtils.java,1,2
106,D:\program\SC_Related\git_tag\atlas\webapp\src\main\java\org\apache\atlas\web\security\AtlasAuthenticationSuccessHandler.java,1,4
107,D:\program\SC_Related\git_tag\atlas\repository\src\main\java\org\apache\atlas\discovery\TermSearchProcessor.java,1,3
108,D:\program\SC_Related\git_tag\atlas\plugin-classloader\src\main\java\org\apache\atlas\plugin\classloader\AtlasPluginClassLoaderUtil.java,1,4
109,D:\program\SC_Related\git_tag\atlas\repository\src\main\java\org\apache\atlas\repository\migration\DataMigrationService.java,1,5
110,D:\program\SC_Related\git_tag\atlas\repository\src\main\java\org\apache\atlas\repository\impexp\HdfsPathEntityCreator.java,1,2
112,D:\program\SC_Related\git_tag\atlas\repository\src\main\java\org\apache\atlas\repository\store\graph\AtlasRelationshipStore.java,1,7
113,D:\program\SC_Related\git_tag\atlas\client\client-v1\src\test\java\org\apache\atlas\AtlasClientTest.java,1,5
114,D:\program\SC_Related\git_tag\atlas\intg\src\main\java\org\apache\atlas\model\instance\GuidMapping.java,1,3
115,D:\program\SC_Related\git_tag\atlas\addons\hive-bridge\src\main\java\org\apache\atlas\hive\hook\events\AlterTable.java,1,2
116,D:\program\SC_Related\git_tag\atlas\intg\src\main\java\org\apache\atlas\model\typedef\AtlasStructDef.java,1,23
118,D:\program\SC_Related\git_tag\atlas\addons\falcon-bridge\src\main\java\org\apache\atlas\falcon\model\FalconDataTypes.java,3,2
119,D:\program\SC_Related\git_tag\atlas\repository\src\test\java\org\apache\atlas\repository\impexp\ExportServiceTest.java,1,21
120,D:\program\SC_Related\git_tag\atlas\webapp\src\test\java\org\apache\atlas\web\integration\BasicSearchIT.java,1,3
122,D:\program\SC_Related\git_tag\atlas\intg\src\test\java\org\apache\atlas\type\TestAtlasFloatType.java,1,2
123,D:\program\SC_Related\git_tag\atlas\webapp\src\test\java\org\apache\atlas\web\integration\EntityJerseyResourceIT.java,1,13
124,D:\program\SC_Related\git_tag\atlas\addons\hive-bridge\src\main\java\org\apache\atlas\hive\hook\events\BaseHiveEvent.java,1,12
125,D:\program\SC_Related\git_tag\atlas\common\src\main\java\org\apache\atlas\service\Services.java,1,5
127,D:\program\SC_Related\git_tag\atlas\addons\hive-bridge\src\main\java\org\apache\atlas\hive\hook\events\DropTable.java,1,2
128,D:\program\SC_Related\git_tag\atlas\intg\src\main\java\org\apache\atlas\type\AtlasTypeRegistry.java,1,29
129,D:\program\SC_Related\git_tag\atlas\intg\src\main\java\org\apache\atlas\type\AtlasEnumType.java,1,8
131,D:\program\SC_Related\git_tag\atlas\notification\src\main\java\org\apache\atlas\notification\NotificationException.java,8,3
132,D:\program\SC_Related\git_tag\atlas\repository\src\main\java\org\apache\atlas\query\AtlasDSL.java,38,6
133,D:\program\SC_Related\git_tag\atlas\webapp\src\main\java\org\apache\atlas\web\rest\RelationshipREST.java,1,4
135,D:\program\SC_Related\git_tag\atlas\intg\src\test\java\org\apache\atlas\type\TestAtlasObjectIdType.java,1,4
137,D:\program\SC_Related\git_tag\atlas\graphdb\janus\src\main\java\org\apache\atlas\repository\graphdb\janus\AtlasJanusVertexQuery.java,5,2
139,D:\program\SC_Related\git_tag\atlas\graphdb\api\src\main\java\org\apache\atlas\repository\graphdb\AtlasEdgeDirection.java,18,2
140,D:\program\SC_Related\git_tag\atlas\intg\src\main\java\org\apache\atlas\model\typedef\AtlasRelationshipDef.java,1,11
141,D:\program\SC_Related\git_tag\atlas\repository\src\main\java\org\apache\atlas\util\AtlasRepositoryConfiguration.java,1,16
142,D:\program\SC_Related\git_tag\atlas\webapp\src\main\java\org\apache\atlas\notification\preprocessor\RdbmsPreprocessor.java,17,2
143,D:\program\SC_Related\git_tag\atlas\repository\src\main\java\org\apache\atlas\repository\converters\TypeConverterUtil.java,1,4
145,D:\program\SC_Related\git_tag\atlas\notification\src\main\java\org\apache\atlas\notification\SplitMessageAggregator.java,38,2
146,D:\program\SC_Related\git_tag\atlas\repository\src\test\java\org\apache\atlas\repository\impexp\ExportImportAuditServiceTest.java,1,5
148,D:\program\SC_Related\git_tag\atlas\repository\src\test\java\org\apache\atlas\repository\impexp\ImportServiceTest.java,1,29
149,D:\program\SC_Related\git_tag\atlas\repository\src\main\java\org\apache\atlas\discovery\FullTextSearchProcessor.java,1,12
150,D:\program\SC_Related\git_tag\atlas\repository\src\main\java\org\apache\atlas\util\SearchPredicateUtil.java,1,5
152,D:\program\SC_Related\git_tag\atlas\intg\src\main\java\org\apache\atlas\model\glossary\relations\AtlasRelatedTermHeader.java,1,2
153,D:\program\SC_Related\git_tag\atlas\intg\src\main\java\org\apache\atlas\model\metrics\AtlasMetrics.java,1,4
154,D:\program\SC_Related\git_tag\atlas\addons\hive-bridge\src\test\java\org\apache\atlas\hive\HiveITBase.java,1,15
155,D:\program\SC_Related\git_tag\atlas\intg\src\test\java\org\apache\atlas\TestRelationshipUtilsV2.java,1,3
159,D:\program\SC_Related\git_tag\atlas\repository\src\test\java\org\apache\atlas\repository\migration\TypesWithCollectionsFinderTest.java,1,4
160,D:\program\SC_Related\git_tag\atlas\graphdb\janus\src\main\java\org\apache\atlas\repository\graphdb\janus\migration\MappedElementCache.java,1,3
161,D:\program\SC_Related\git_tag\atlas\repository\src\main\java\org\apache\atlas\repository\ogm\profiles\AtlasSavedSearchDTO.java,1,3
162,D:\program\SC_Related\git_tag\atlas\repository\src\main\java\org\apache\atlas\query\antlr4\AtlasDSLParserBaseVisitor.java,1,3
163,D:\program\SC_Related\git_tag\atlas\graphdb\janus\src\main\java\org\apache\atlas\repository\graphdb\janus\migration\JsonNodeParsers.java,1,3
164,D:\program\SC_Related\git_tag\atlas\intg\src\main\java\org\apache\atlas\v1\model\typedef\StructTypeDefinition.java,1,2
165,D:\program\SC_Related\git_tag\atlas\repository\src\main\java\org\apache\atlas\repository\ogm\glossary\AtlasGlossaryCategoryDTO.java,1,5
166,D:\program\SC_Related\git_tag\atlas\intg\src\main\java\org\apache\atlas\entitytransform\Action.java,1,4
167,D:\program\SC_Related\git_tag\atlas\intg\src\test\java\org\apache\atlas\type\TestAtlasRelationshipType.java,1,6
168,D:\program\SC_Related\git_tag\atlas\webapp\src\main\java\org\apache\atlas\web\security\AtlasADAuthenticationProvider.java,14,8
169,D:\program\SC_Related\git_tag\atlas\common\src\main\java\org\apache\atlas\groovy\StatementListExpression.java,16,3
170,D:\program\SC_Related\git_tag\atlas\client\common\src\main\java\org\apache\atlas\AtlasBaseClient.java,1,15
171,D:\program\SC_Related\git_tag\atlas\repository\src\main\java\org\apache\atlas\query\Lookup.java,1,6
172,D:\program\SC_Related\git_tag\atlas\graphdb\janus\src\main\java\org\apache\atlas\repository\graphdb\janus\AtlasJanusObjectFactory.java,5,2
173,D:\program\SC_Related\git_tag\atlas\repository\src\main\java\org\apache\atlas\repository\ogm\ExportImportAuditEntryDTO.java,1,3
175,D:\program\SC_Related\git_tag\atlas\webapp\src\test\java\org\apache\atlas\web\resources\EntityResourceTest.java,1,4
176,D:\program\SC_Related\git_tag\atlas\server-api\src\main\java\org\apache\atlas\RequestContext.java,1,21
177,D:\program\SC_Related\git_tag\atlas\repository\src\test\java\org\apache\atlas\query\DSLQueriesTest.java,1,18
178,D:\program\SC_Related\git_tag\atlas\repository\src\main\java\org\apache\atlas\repository\store\graph\v2\AtlasRelationshipDefStoreV2.java,1,7
180,D:\program\SC_Related\git_tag\atlas\repository\src\main\java\org\apache\atlas\discovery\SearchContext.java,1,12
181,D:\program\SC_Related\git_tag\atlas\repository\src\main\java\org\apache\atlas\repository\store\graph\v2\EntityMutationContext.java,1,2
182,D:\program\SC_Related\git_tag\atlas\repository\src\main\java\org\apache\atlas\repository\graph\FullTextMapperV2.java,1,10
183,D:\program\SC_Related\git_tag\atlas\server-api\src\main\java\org\apache\atlas\listener\ActiveStateChangeHandler.java,6,2
185,D:\program\SC_Related\git_tag\atlas\repository\src\main\java\org\apache\atlas\repository\impexp\ImportTypeDefProcessor.java,1,2
186,D:\program\SC_Related\git_tag\atlas\repository\src\main\java\org\apache\atlas\repository\store\graph\v2\AtlasStructDefStoreV2.java,1,8
187,D:\program\SC_Related\git_tag\atlas\repository\src\main\java\org\apache\atlas\repository\converters\AtlasEntityFormatConverter.java,1,6
188,D:\program\SC_Related\git_tag\atlas\intg\src\main\java\org\apache\atlas\model\instance\ClassificationAssociateRequest.java,1,2
189,D:\program\SC_Related\git_tag\atlas\webapp\src\main\java\org\apache\atlas\notification\NotificationEntityChangeListener.java,1,14
190,D:\program\SC_Related\git_tag\atlas\repository\src\test\java\org\apache\atlas\repository\migration\PathTest.java,1,6
191,D:\program\SC_Related\git_tag\atlas\intg\src\main\java\org\apache\atlas\model\SearchFilter.java,1,10
192,D:\program\SC_Related\git_tag\atlas\addons\hive-bridge-shim\src\main\java\org\apache\atlas\hive\hook\HiveHook.java,1,2
193,D:\program\SC_Related\git_tag\atlas\common\src\main\java\org\apache\atlas\groovy\ClosureExpression.java,16,4
194,D:\program\SC_Related\git_tag\atlas\intg\src\main\java\org\apache\atlas\v1\model\instance\Referenceable.java,1,3
195,D:\program\SC_Related\git_tag\atlas\intg\src\main\java\org\apache\atlas\model\glossary\AtlasGlossaryTerm.java,1,8
196,D:\program\SC_Related\git_tag\atlas\repository\src\main\java\org\apache\atlas\repository\store\graph\EntityGraphDiscoveryContext.java,1,4
197,D:\program\SC_Related\git_tag\atlas\repository\src\main\java\org\apache\atlas\query\GremlinQueryComposer.java,1,16
198,D:\program\SC_Related\git_tag\atlas\common\src\main\java\org\apache\atlas\utils\HdfsNameServiceResolver.java,1,3
199,D:\program\SC_Related\git_tag\atlas\intg\src\main\java\org\apache\atlas\model\glossary\relations\AtlasTermAssignmentHeader.java,1,2
200,D:\program\SC_Related\git_tag\atlas\graphdb\api\src\main\java\org\apache\atlas\repository\graphdb\AtlasIndexQuery.java,1,6
201,D:\program\SC_Related\git_tag\atlas\repository\src\test\java\org\apache\atlas\repository\impexp\ZipSourceTest.java,1,7
202,D:\program\SC_Related\git_tag\atlas\test-tools\src\main\java\org\apache\atlas\runner\LocalSolrRunner.java,1,3
203,D:\program\SC_Related\git_tag\atlas\intg\src\main\java\org\apache\atlas\v1\model\lineage\DataSetLineageResponse.java,1,2
204,D:\program\SC_Related\git_tag\atlas\authorization\src\main\java\org\apache\atlas\authorize\simple\AtlasSimpleAuthzPolicy.java,14,2
205,D:\program\SC_Related\git_tag\atlas\intg\src\main\java\org\apache\atlas\type\AtlasArrayType.java,1,16
206,D:\program\SC_Related\git_tag\atlas\intg\src\main\java\org\apache\atlas\type\AtlasEntityType.java,1,47
209,D:\program\SC_Related\git_tag\atlas\webapp\src\test\java\org\apache\atlas\web\util\ServletsTest.java,1,2
210,D:\program\SC_Related\git_tag\atlas\repository\src\main\java\org\apache\atlas\repository\ogm\glossary\AbstractGlossaryDTO.java,1,3
211,D:\program\SC_Related\git_tag\atlas\addons\hbase-bridge\src\main\java\org\apache\atlas\hbase\model\HBaseOperationContext.java,1,2
212,D:\program\SC_Related\git_tag\atlas\webapp\src\main\java\org\apache\atlas\examples\QuickStart.java,1,21
213,D:\program\SC_Related\git_tag\atlas\repository\src\main\java\org\apache\atlas\glossary\GlossaryCategoryUtils.java,1,8
214,D:\program\SC_Related\git_tag\atlas\addons\storm-bridge\src\main\java\org\apache\atlas\storm\hook\StormTopologyUtil.java,1,7
215,D:\program\SC_Related\git_tag\atlas\intg\src\main\java\org\apache\atlas\v1\model\instance\Struct.java,1,4
216,D:\program\SC_Related\git_tag\atlas\webapp\src\main\java\org\apache\atlas\web\service\CuratorFactory.java,1,3
218,D:\program\SC_Related\git_tag\atlas\webapp\src\test\java\org\apache\atlas\web\resources\AdminExportImportTestIT.java,1,8
219,D:\program\SC_Related\git_tag\atlas\repository\src\main\java\org\apache\atlas\repository\converters\AtlasEnumFormatConverter.java,1,4
220,D:\program\SC_Related\git_tag\atlas\intg\src\main\java\org\apache\atlas\v1\model\typedef\TraitTypeDefinition.java,1,2
221,D:\program\SC_Related\git_tag\atlas\webapp\src\main\java\org\apache\atlas\web\resources\LineageResource.java,1,12
222,D:\program\SC_Related\git_tag\atlas\intg\src\main\java\org\apache\atlas\AtlasErrorCode.java,1,90
224,D:\program\SC_Related\git_tag\atlas\intg\src\main\java\org\apache\atlas\model\discovery\SearchParameters.java,1,11
225,D:\program\SC_Related\git_tag\atlas\intg\src\main\java\org\apache\atlas\model\glossary\relations\AtlasTermCategorizationHeader.java,1,2
226,D:\program\SC_Related\git_tag\atlas\intg\src\main\java\org\apache\atlas\model\impexp\AtlasExportRequest.java,1,12
229,D:\program\SC_Related\git_tag\atlas\intg\src\main\java\org\apache\atlas\model\typedef\AtlasEntityDef.java,1,10
231,D:\program\SC_Related\git_tag\atlas\graphdb\janus\src\test\java\org\apache\atlas\repository\graphdb\janus\AtlasJanusDatabaseTest.java,1,4
233,D:\program\SC_Related\git_tag\atlas\notification\src\test\java\org\apache\atlas\notification\AbstractNotificationTest.java,38,4
235,D:\program\SC_Related\git_tag\atlas\graphdb\janus\src\main\java\org\apache\atlas\repository\graphdb\janus\migration\pc\WorkItemManager.java,12,2
239,D:\program\SC_Related\git_tag\atlas\graphdb\janus\src\main\java\org\apache\atlas\repository\graphdb\janus\AtlasJanusIndexQuery.java,1,3
240,D:\program\SC_Related\git_tag\atlas\webapp\src\test\java\org\apache\atlas\web\security\BaseSecurityTest.java,1,8
241,D:\program\SC_Related\git_tag\atlas\intg\src\main\java\org\apache\atlas\entitytransform\Condition.java,1,5
242,D:\program\SC_Related\git_tag\atlas\graphdb\janus\src\test\java\org\apache\atlas\repository\graphdb\janus\migration\GraphSONUtilityTest.java,1,4
244,D:\program\SC_Related\git_tag\atlas\webapp\src\test\java\org\apache\atlas\util\RestUtilsTest.java,1,5
245,D:\program\SC_Related\git_tag\atlas\webapp\src\test\java\org\apache\atlas\web\service\SecureEmbeddedServerTestBase.java,1,8
247,D:\program\SC_Related\git_tag\atlas\repository\src\test\java\org\apache\atlas\repository\userprofile\UserProfileServiceTest.java,1,8
248,D:\program\SC_Related\git_tag\atlas\notification\src\main\java\org\apache\atlas\kafka\AtlasKafkaConsumer.java,36,7
250,D:\program\SC_Related\git_tag\atlas\intg\src\test\java\org\apache\atlas\type\TestAtlasDoubleType.java,1,2
252,D:\program\SC_Related\git_tag\atlas\repository\src\main\java\org\apache\atlas\repository\ogm\DTORegistry.java,1,2
253,D:\program\SC_Related\git_tag\atlas\graphdb\janus\src\main\java\org\apache\atlas\repository\graphdb\janus\migration\JsonNodeProcessManager.java,1,4
258,D:\program\SC_Related\git_tag\atlas\intg\src\test\java\org\apache\atlas\model\typedef\TestAtlasRelationshipDef.java,1,2
259,D:\program\SC_Related\git_tag\atlas\intg\src\main\java\org\apache\atlas\model\instance\AtlasRelatedObjectId.java,1,5
260,D:\program\SC_Related\git_tag\atlas\addons\falcon-bridge\src\main\java\org\apache\atlas\falcon\bridge\FalconBridge.java,3,9
261,D:\program\SC_Related\git_tag\atlas\intg\src\main\java\org\apache\atlas\model\typedef\AtlasClassificationDef.java,1,9
262,D:\program\SC_Related\git_tag\atlas\intg\src\main\java\org\apache\atlas\model\typedef\AtlasRelationshipEndDef.java,5,5
264,D:\program\SC_Related\git_tag\atlas\repository\src\main\java\org\apache\atlas\discovery\SearchProcessor.java,1,24
265,D:\program\SC_Related\git_tag\atlas\repository\src\main\java\org\apache\atlas\repository\audit\InMemoryEntityAuditRepository.java,1,7
266,D:\program\SC_Related\git_tag\atlas\intg\src\main\java\org\apache\atlas\entitytransform\HiveColumnEntityHandler.java,1,2
269,D:\program\SC_Related\git_tag\atlas\tools\classification-updater\src\main\java\org\apache\atlas\tools\BulkFetchAndUpdate.java,1,3
270,D:\program\SC_Related\git_tag\atlas\repository\src\main\java\org\apache\atlas\repository\audit\EntityAuditRepository.java,1,4
271,D:\program\SC_Related\git_tag\atlas\webapp\src\main\java\org\apache\atlas\web\listeners\LoginProcessor.java,1,6
272,D:\program\SC_Related\git_tag\atlas\webapp\src\main\java\org\apache\atlas\web\security\AtlasAuthenticationFailureHandler.java,1,3
273,D:\program\SC_Related\git_tag\atlas\intg\src\main\java\org\apache\atlas\model\impexp\MigrationStatus.java,1,2
274,D:\program\SC_Related\git_tag\atlas\webapp\src\test\java\org\apache\atlas\web\filters\AtlasAuthenticationSimpleFilterIT.java,1,4
275,D:\program\SC_Related\git_tag\atlas\intg\src\main\java\org\apache\atlas\v1\typesystem\types\utils\TypesUtil.java,1,2
276,D:\program\SC_Related\git_tag\atlas\client\common\src\main\java\org\apache\atlas\AtlasServiceException.java,1,2
277,D:\program\SC_Related\git_tag\atlas\graphdb\janus\src\main\java\org\apache\atlas\repository\graphdb\janus\query\NativeJanusGraphQuery.java,1,4
278,D:\program\SC_Related\git_tag\atlas\addons\hive-bridge\src\main\java\org\apache\atlas\hive\hook\AtlasHiveHookContext.java,1,7
279,D:\program\SC_Related\git_tag\atlas\graphdb\janus\src\main\java\org\apache\atlas\repository\graphdb\janus\migration\PostProcessManager.java,1,3
281,D:\program\SC_Related\git_tag\atlas\graphdb\api\src\main\java\org\apache\atlas\repository\graphdb\AtlasPropertyKey.java,35,2
282,D:\program\SC_Related\git_tag\atlas\webapp\src\main\java\org\apache\atlas\web\filters\ActiveServerFilter.java,1,7
286,D:\program\SC_Related\git_tag\atlas\repository\src\test\java\org\apache\atlas\repository\store\graph\v2\AtlasEntityStoreV2Test.java,1,5
289,D:\program\SC_Related\git_tag\atlas\repository\src\main\java\org\apache\atlas\repository\store\graph\v2\EntityGraphMapper.java,1,31
290,D:\program\SC_Related\git_tag\atlas\webapp\src\main\java\org\apache\atlas\web\resources\EntityResource.java,1,51
291,D:\program\SC_Related\git_tag\atlas\intg\src\main\java\org\apache\atlas\model\profile\AtlasUserProfile.java,1,2
294,D:\program\SC_Related\git_tag\atlas\webapp\src\main\java\org\apache\atlas\web\service\EmbeddedServer.java,1,6
296,D:\program\SC_Related\git_tag\atlas\graphdb\api\src\main\java\org\apache\atlas\repository\graphdb\AtlasElement.java,1,5
297,D:\program\SC_Related\git_tag\atlas\authorization\src\main\java\org\apache\atlas\authorize\AtlasAccessRequest.java,14,6
300,D:\program\SC_Related\git_tag\atlas\graphdb\common\src\main\java\org\apache\atlas\repository\graphdb\tinkerpop\query\NativeTinkerpopGraphQuery.java,1,2
301,D:\program\SC_Related\git_tag\atlas\common\src\main\java\org\apache\atlas\groovy\BinaryExpression.java,16,4
302,D:\program\SC_Related\git_tag\atlas\webapp\src\test\java\org\apache\atlas\web\security\SSLTest.java,1,6
304,D:\program\SC_Related\git_tag\atlas\webapp\src\test\java\org\apache\atlas\notification\EntityNotificationIT.java,1,19
306,D:\program\SC_Related\git_tag\atlas\intg\src\main\java\org\apache\atlas\type\AtlasClassificationType.java,1,25
307,D:\program\SC_Related\git_tag\atlas\repository\src\main\java\org\apache\atlas\util\SearchTracker.java,1,2
309,D:\program\SC_Related\git_tag\atlas\repository\src\main\java\org\apache\atlas\repository\ogm\DataAccess.java,1,9
310,D:\program\SC_Related\git_tag\atlas\repository\src\test\java\org\apache\atlas\repository\impexp\ExportIncrementalTest.java,1,4
311,D:\program\SC_Related\git_tag\atlas\addons\hive-bridge\src\main\java\org\apache\atlas\hive\hook\events\CreateHiveProcess.java,1,9
312,D:\program\SC_Related\git_tag\atlas\repository\src\main\java\org\apache\atlas\repository\util\FilterUtil.java,1,7
313,D:\program\SC_Related\git_tag\atlas\graphdb\janus\src\test\java\org\apache\atlas\repository\graphdb\janus\migration\MappedElementCacheTest.java,1,2
315,D:\program\SC_Related\git_tag\atlas\repository\src\main\java\org\apache\atlas\repository\impexp\MigrationProgressService.java,1,3
316,D:\program\SC_Related\git_tag\atlas\addons\hive-bridge\src\main\java\org\apache\atlas\hive\hook\events\CreateDatabase.java,1,2
317,D:\program\SC_Related\git_tag\atlas\common\src\main\java\org\apache\atlas\groovy\FunctionCallExpression.java,16,5
318,D:\program\SC_Related\git_tag\atlas\intg\src\test\java\org\apache\atlas\type\TestAtlasEntityType.java,1,10
319,D:\program\SC_Related\git_tag\atlas\intg\src\main\java\org\apache\atlas\model\instance\EntityMutations.java,1,5
320,D:\program\SC_Related\git_tag\atlas\repository\src\main\java\org\apache\atlas\repository\graph\GraphHelper.java,1,76
321,D:\program\SC_Related\git_tag\atlas\intg\src\main\java\org\apache\atlas\model\instance\AtlasEntityHeader.java,1,12
322,D:\program\SC_Related\git_tag\atlas\intg\src\main\java\org\apache\atlas\model\glossary\relations\AtlasGlossaryHeader.java,1,2
323,D:\program\SC_Related\git_tag\atlas\repository\src\main\java\org\apache\atlas\repository\audit\AbstractStorageBasedAuditRepository.java,1,3
324,D:\program\SC_Related\git_tag\atlas\webapp\src\main\java\org\apache\atlas\notification\EntityNotificationListenerV2.java,1,10
326,D:\program\SC_Related\git_tag\atlas\addons\storm-bridge\src\main\java\org\apache\atlas\storm\hook\StormAtlasHook.java,7,19
329,D:\program\SC_Related\git_tag\atlas\repository\src\main\java\org\apache\atlas\util\AtlasGremlinQueryProvider.java,1,16
330,D:\program\SC_Related\git_tag\atlas\repository\src\main\java\org\apache\atlas\repository\audit\HBaseBasedAuditRepository.java,1,20
332,D:\program\SC_Related\git_tag\atlas\authorization\src\main\java\org\apache\atlas\authorize\AtlasEntityAccessRequest.java,14,3
334,D:\program\SC_Related\git_tag\atlas\intg\src\main\java\org\apache\atlas\type\AtlasTypeUtil.java,1,36
335,D:\program\SC_Related\git_tag\atlas\repository\src\main\java\org\apache\atlas\repository\converters\AtlasArrayFormatConverter.java,1,2
336,D:\program\SC_Related\git_tag\atlas\webapp\src\test\java\org\apache\atlas\web\TestUtils.java,1,2
337,D:\program\SC_Related\git_tag\atlas\webapp\src\test\java\org\apache\atlas\web\security\FileAuthenticationTest.java,14,5
338,D:\program\SC_Related\git_tag\atlas\intg\src\main\java\org\apache\atlas\entitytransform\HiveTableEntityHandler.java,1,2
339,D:\program\SC_Related\git_tag\atlas\repository\src\main\java\org\apache\atlas\repository\ogm\AbstractDataTransferObject.java,1,5
340,D:\program\SC_Related\git_tag\atlas\repository\src\main\java\org\apache\atlas\repository\store\graph\v2\AtlasEntityChangeNotifier.java,1,7
341,D:\program\SC_Related\git_tag\atlas\graphdb\janus\src\main\java\org\apache\atlas\repository\graphdb\janus\migration\TypesWithCollectionsFinder.java,1,3
342,D:\program\SC_Related\git_tag\atlas\webapp\src\main\java\org\apache\atlas\web\filters\AtlasAuthenticationFilter.java,1,22
343,D:\program\SC_Related\git_tag\atlas\intg\src\test\java\org\apache\atlas\type\TestAtlasMapType.java,1,2
344,D:\program\SC_Related\git_tag\atlas\repository\src\main\java\org\apache\atlas\query\SelectClauseComposer.java,1,6
346,D:\program\SC_Related\git_tag\atlas\intg\src\main\java\org\apache\atlas\entitytransform\HiveDatabaseEntityHandler.java,1,2
347,D:\program\SC_Related\git_tag\atlas\intg\src\test\java\org\apache\atlas\TestUtilsV2.java,1,31
348,D:\program\SC_Related\git_tag\atlas\webapp\src\main\java\org\apache\atlas\Atlas.java,1,6
349,D:\program\SC_Related\git_tag\atlas\intg\src\main\java\org\apache\atlas\type\AtlasType.java,1,21
350,D:\program\SC_Related\git_tag\atlas\authorization\src\main\java\org\apache\atlas\authorize\simple\AtlasSimpleAuthorizer.java,14,3
353,D:\program\SC_Related\git_tag\atlas\intg\src\main\java\org\apache\atlas\model\glossary\AtlasGlossaryBaseObject.java,1,4
355,D:\program\SC_Related\git_tag\atlas\intg\src\main\java\org\apache\atlas\entitytransform\HiveStorageDescriptorEntityHandler.java,1,3
357,D:\program\SC_Related\git_tag\atlas\addons\hive-bridge\src\main\java\org\apache\atlas\hive\hook\events\DropDatabase.java,1,2
359,D:\program\SC_Related\git_tag\atlas\common\src\main\java\org\apache\atlas\groovy\ArithmeticExpression.java,16,5
363,D:\program\SC_Related\git_tag\atlas\repository\src\test\java\org\apache\atlas\repository\impexp\ImportTransformsShaperTest.java,1,2
364,D:\program\SC_Related\git_tag\atlas\intg\src\test\java\org\apache\atlas\model\instance\TestAtlasClassification.java,1,3
367,D:\program\SC_Related\git_tag\atlas\webapp\src\main\java\org\apache\atlas\web\util\Servlets.java,1,11
368,D:\program\SC_Related\git_tag\atlas\webapp\src\test\java\org\apache\atlas\notification\NotificationEntityChangeListenerTest.java,1,2
370,D:\program\SC_Related\git_tag\atlas\repository\src\test\java\org\apache\atlas\repository\impexp\UniqueListTest.java,4,2
371,D:\program\SC_Related\git_tag\atlas\common\src\main\java\org\apache\atlas\groovy\LogicalExpression.java,16,4
372,D:\program\SC_Related\git_tag\atlas\server-api\src\main\java\org\apache\atlas\listener\EntityChangeListener.java,22,8
373,D:\program\SC_Related\git_tag\atlas\graphdb\api\src\main\java\org\apache\atlas\repository\graphdb\AtlasGraphQuery.java,1,8
377,D:\program\SC_Related\git_tag\atlas\common\src\main\java\org\apache\atlas\repository\Constants.java,1,35
381,D:\program\SC_Related\git_tag\atlas\intg\src\test\java\org\apache\atlas\type\TestAtlasArrayType.java,1,3
382,D:\program\SC_Related\git_tag\atlas\intg\src\main\java\org\apache\atlas\v1\model\instance\Id.java,1,3
383,D:\program\SC_Related\git_tag\atlas\intg\src\main\java\org\apache\atlas\type\AtlasMapType.java,1,15
384,D:\program\SC_Related\git_tag\atlas\intg\src\main\java\org\apache\atlas\model\impexp\AtlasImportResult.java,1,5
385,D:\program\SC_Related\git_tag\atlas\notification\src\main\java\org\apache\atlas\notification\hook\HookMessageDeserializer.java,38,3
386,D:\program\SC_Related\git_tag\atlas\webapp\src\test\java\org\apache\atlas\web\security\BaseSSLAndKerberosTest.java,1,5
387,D:\program\SC_Related\git_tag\atlas\webapp\src\main\java\org\apache\atlas\web\security\AtlasFileAuthenticationProvider.java,14,3
388,D:\program\SC_Related\git_tag\atlas\intg\src\main\java\org\apache\atlas\model\profile\AtlasUserSavedSearch.java,1,5
389,D:\program\SC_Related\git_tag\atlas\notification\src\main\java\org\apache\atlas\hook\FailedMessagesLogger.java,1,3
390,D:\program\SC_Related\git_tag\atlas\repository\src\main\java\org\apache\atlas\discovery\EntityDiscoveryService.java,1,54
391,D:\program\SC_Related\git_tag\atlas\repository\src\test\java\org\apache\atlas\repository\migration\ComplexAttributesTest.java,1,5
392,D:\program\SC_Related\git_tag\atlas\notification\src\test\java\org\apache\atlas\kafka\KafkaConsumerTest.java,36,7
393,D:\program\SC_Related\git_tag\atlas\webapp\src\test\java\org\apache\atlas\CredentialProviderUtilityIT.java,1,2
394,D:\program\SC_Related\git_tag\atlas\webapp\src\test\java\org\apache\atlas\web\integration\EntityV2JerseyResourceIT.java,1,9
395,D:\program\SC_Related\git_tag\atlas\intg\src\main\java\org\apache\atlas\model\glossary\relations\AtlasRelatedCategoryHeader.java,1,3
396,D:\program\SC_Related\git_tag\atlas\repository\src\main\java\org\apache\atlas\repository\store\graph\EntityResolver.java,1,2
400,D:\program\SC_Related\git_tag\atlas\addons\hive-bridge\src\test\java\org\apache\atlas\hive\bridge\HiveMetastoreBridgeIT.java,1,7
401,D:\program\SC_Related\git_tag\atlas\intg\src\main\java\org\apache\atlas\model\typedef\AtlasTypeDefHeader.java,1,4
402,D:\program\SC_Related\git_tag\atlas\webapp\src\main\java\org\apache\atlas\web\rest\DiscoveryREST.java,1,25
403,D:\program\SC_Related\git_tag\atlas\intg\src\main\java\org\apache\atlas\model\instance\AtlasClassification.java,1,14
404,D:\program\SC_Related\git_tag\atlas\graphdb\common\src\test\java\org\apache\atlas\graph\GraphSandboxUtil.java,1,4
405,D:\program\SC_Related\git_tag\atlas\repository\src\test\java\org\apache\atlas\TestModules.java,1,19
406,D:\program\SC_Related\git_tag\atlas\graphdb\api\src\main\java\org\apache\atlas\repository\graphdb\AtlasEdge.java,1,3
407,D:\program\SC_Related\git_tag\atlas\repository\src\main\java\org\apache\atlas\repository\store\graph\v2\EntityGraphRetriever.java,1,26
408,D:\program\SC_Related\git_tag\atlas\repository\src\main\java\org\apache\atlas\repository\store\graph\v2\AtlasGraphUtilsV2.java,1,7
410,D:\program\SC_Related\git_tag\atlas\repository\src\main\java\org\apache\atlas\repository\impexp\ExportTypeProcessor.java,1,3
411,D:\program\SC_Related\git_tag\atlas\webapp\src\main\java\org\apache\atlas\notification\preprocessor\PreprocessorContext.java,1,6
412,D:\program\SC_Related\git_tag\atlas\client\client-v1\src\main\java\org\apache\atlas\AtlasClient.java,1,6
414,D:\program\SC_Related\git_tag\atlas\common\src\main\java\org\apache\atlas\groovy\AbstractGroovyExpression.java,16,4
415,D:\program\SC_Related\git_tag\atlas\intg\src\main\java\org\apache\atlas\model\instance\AtlasEntity.java,1,25
416,D:\program\SC_Related\git_tag\atlas\webapp\src\main\java\org\apache\atlas\web\rest\GlossaryREST.java,1,6
420,D:\program\SC_Related\git_tag\atlas\webapp\src\main\java\org\apache\atlas\web\errors\NotFoundExceptionMapper.java,1,2
421,D:\program\SC_Related\git_tag\atlas\intg\src\main\java\org\apache\atlas\model\typedef\AtlasTypesDef.java,1,6
423,D:\program\SC_Related\git_tag\atlas\common\src\main\java\org\apache\atlas\utils\ParamChecker.java,1,4
424,D:\program\SC_Related\git_tag\atlas\common\src\main\java\org\apache\atlas\groovy\LiteralExpression.java,16,4
425,D:\program\SC_Related\git_tag\atlas\addons\hbase-bridge\src\main\java\org\apache\atlas\hbase\bridge\HBaseAtlasHook.java,1,9
427,D:\program\SC_Related\git_tag\atlas\repository\src\main\java\org\apache\atlas\query\antlr4\AtlasDSLParser.java,1,4
429,D:\program\SC_Related\git_tag\atlas\notification\src\main\java\org\apache\atlas\notification\AbstractMessageDeserializer.java,38,5
430,D:\program\SC_Related\git_tag\atlas\repository\src\test\java\org\apache\atlas\query\GremlinQueryComposerTest.java,1,18
431,D:\program\SC_Related\git_tag\atlas\addons\hbase-bridge\src\main\java\org\apache\atlas\hbase\hook\HBaseAtlasCoprocessor.java,26,2
432,D:\program\SC_Related\git_tag\atlas\intg\src\test\java\org\apache\atlas\type\TestAtlasBigDecimalType.java,1,3
433,D:\program\SC_Related\git_tag\atlas\graphdb\api\src\main\java\org\apache\atlas\repository\graphdb\AtlasGraphIndex.java,5,2
434,D:\program\SC_Related\git_tag\atlas\webapp\src\main\java\org\apache\atlas\web\filters\StaleTransactionCleanupFilter.java,1,3
436,D:\program\SC_Related\git_tag\atlas\repository\src\main\java\org\apache\atlas\repository\store\graph\v2\AtlasRelationshipStoreV2.java,1,11
437,D:\program\SC_Related\git_tag\atlas\notification\src\main\java\org\apache\atlas\notification\AtlasNotificationMessageDeserializer.java,38,6
438,D:\program\SC_Related\git_tag\atlas\intg\src\main\java\org\apache\atlas\type\AtlasBuiltInTypes.java,1,18
439,D:\program\SC_Related\git_tag\atlas\repository\src\main\java\org\apache\atlas\glossary\GlossaryUtils.java,1,6
440,D:\program\SC_Related\git_tag\atlas\intg\src\test\java\org\apache\atlas\type\TestAtlasStringType.java,1,2
442,D:\program\SC_Related\git_tag\atlas\webapp\src\test\java\org\apache\atlas\web\service\ActiveInstanceElectorServiceTest.java,1,3
444,D:\program\SC_Related\git_tag\atlas\repository\src\main\java\org\apache\atlas\repository\store\graph\v2\AtlasTypeDefGraphStoreV2.java,1,3
445,D:\program\SC_Related\git_tag\atlas\repository\src\main\java\org\apache\atlas\repository\converters\AtlasFormatConverter.java,1,2
446,D:\program\SC_Related\git_tag\atlas\intg\src\main\java\org\apache\atlas\utils\AtlasJson.java,1,9
447,D:\program\SC_Related\git_tag\atlas\repository\src\test\java\org\apache\atlas\repository\store\graph\v1\SoftReferenceTest.java,1,2
448,D:\program\SC_Related\git_tag\atlas\notification\src\test\java\org\apache\atlas\hook\AtlasHookTest.java,38,5
449,D:\program\SC_Related\git_tag\atlas\repository\src\test\java\org\apache\atlas\repository\store\graph\v2\ClassificationAssociatorTest.java,1,2
450,D:\program\SC_Related\git_tag\atlas\intg\src\main\java\org\apache\atlas\entitytransform\AtlasEntityTransformer.java,1,3
453,D:\program\SC_Related\git_tag\atlas\repository\src\main\java\org\apache\atlas\repository\converters\AtlasStructFormatConverter.java,1,7
455,D:\program\SC_Related\git_tag\atlas\webapp\src\main\java\org\apache\atlas\web\security\AtlasSecurityConfig.java,14,7
456,D:\program\SC_Related\git_tag\atlas\webapp\src\main\java\org\apache\atlas\web\security\AtlasAbstractAuthenticationProvider.java,14,7
461,D:\program\SC_Related\git_tag\atlas\graphdb\janus\src\main\java\org\apache\atlas\repository\graphdb\janus\AtlasJanusGraphDatabase.java,1,13
462,D:\program\SC_Related\git_tag\atlas\notification\src\main\java\org\apache\atlas\notification\AbstractNotificationConsumer.java,38,9
463,D:\program\SC_Related\git_tag\atlas\common\src\main\java\org\apache\atlas\groovy\AbstractFunctionExpression.java,16,3
465,D:\program\SC_Related\git_tag\atlas\authorization\src\main\java\org\apache\atlas\authorize\AtlasAuthorizerFactory.java,14,2
467,D:\program\SC_Related\git_tag\atlas\webapp\src\test\java\org\apache\atlas\web\service\SecureEmbeddedServerTest.java,1,3
469,D:\program\SC_Related\git_tag\atlas\intg\src\test\java\org\apache\atlas\type\TestAtlasShortType.java,1,2
470,D:\program\SC_Related\git_tag\atlas\intg\src\test\java\org\apache\atlas\model\typedef\TestAtlasStructDef.java,1,2
471,D:\program\SC_Related\git_tag\atlas\intg\src\main\java\org\apache\atlas\model\AtlasBaseModelObject.java,1,4
473,D:\program\SC_Related\git_tag\atlas\intg\src\test\java\org\apache\atlas\type\TestAtlasClassificationType.java,1,5
474,D:\program\SC_Related\git_tag\atlas\webapp\src\main\java\org\apache\atlas\web\rest\TypesREST.java,1,24
476,D:\program\SC_Related\git_tag\atlas\repository\src\main\java\org\apache\atlas\repository\userprofile\UserProfileService.java,1,4
477,D:\program\SC_Related\git_tag\atlas\repository\src\main\java\org\apache\atlas\glossary\GlossaryTermUtils.java,1,11
480,D:\program\SC_Related\git_tag\atlas\graphdb\api\src\main\java\org\apache\atlas\repository\graphdb\GraphDatabase.java,11,3
481,D:\program\SC_Related\git_tag\atlas\intg\src\main\java\org\apache\atlas\v1\model\notification\EntityNotificationV1.java,1,3
483,D:\program\SC_Related\git_tag\atlas\common\src\main\java\org\apache\atlas\utils\AtlasPerfTracer.java,1,2
484,D:\program\SC_Related\git_tag\atlas\repository\src\main\java\org\apache\atlas\discovery\AtlasDiscoveryService.java,1,13
485,D:\program\SC_Related\git_tag\atlas\intg\src\test\java\org\apache\atlas\type\TestAtlasTypeRegistry.java,1,7
487,D:\program\SC_Related\git_tag\atlas\intg\src\main\java\org\apache\atlas\model\notification\EntityNotification.java,1,5
488,D:\program\SC_Related\git_tag\atlas\common\src\main\java\org\apache\atlas\groovy\ComparisonOperatorExpression.java,16,4
490,D:\program\SC_Related\git_tag\atlas\intg\src\test\java\org\apache\atlas\type\TestAtlasByteType.java,1,2
491,D:\program\SC_Related\git_tag\atlas\webapp\src\main\java\org\apache\atlas\web\rest\LineageREST.java,1,5
492,D:\program\SC_Related\git_tag\atlas\intg\src\test\java\org\apache\atlas\type\TestAtlasLongType.java,1,2
493,D:\program\SC_Related\git_tag\atlas\webapp\src\main\java\org\apache\atlas\notification\preprocessor\EntityPreprocessor.java,17,4
494,D:\program\SC_Related\git_tag\atlas\tools\atlas-migration-exporter\src\main\java\org\apache\atlas\migration\Exporter.java,1,2
495,D:\program\SC_Related\git_tag\atlas\webapp\src\main\java\org\apache\atlas\web\filters\AtlasCSRFPreventionFilter.java,1,4
496,D:\program\SC_Related\git_tag\atlas\common\src\main\java\org\apache\atlas\groovy\RangeExpression.java,16,4
497,D:\program\SC_Related\git_tag\atlas\repository\src\main\java\org\apache\atlas\repository\impexp\ImportTransforms.java,1,4
498,D:\program\SC_Related\git_tag\atlas\repository\src\main\java\org\apache\atlas\repository\converters\AtlasObjectIdConverter.java,1,4
499,D:\program\SC_Related\git_tag\atlas\repository\src\main\java\org\apache\atlas\repository\impexp\ImportService.java,1,19
500,D:\program\SC_Related\git_tag\atlas\graphdb\janus\src\main\java\org\apache\atlas\repository\graphdb\janus\migration\GraphSONUtility.java,1,4
501,D:\program\SC_Related\git_tag\atlas\intg\src\main\java\org\apache\atlas\type\AtlasRelationshipType.java,1,20
502,D:\program\SC_Related\git_tag\atlas\webapp\src\test\java\org\apache\atlas\notification\NotificationHookConsumerIT.java,1,14
503,D:\program\SC_Related\git_tag\atlas\notification\src\test\java\org\apache\atlas\kafka\KafkaNotificationMockTest.java,36,5
504,D:\program\SC_Related\git_tag\atlas\webapp\src\test\java\org\apache\atlas\notification\NotificationHookConsumerKafkaTest.java,36,16
507,D:\program\SC_Related\git_tag\atlas\intg\src\main\java\org\apache\atlas\model\PList.java,1,2
508,D:\program\SC_Related\git_tag\atlas\addons\falcon-bridge\src\main\java\org\apache\atlas\falcon\event\FalconEvent.java,3,3
509,D:\program\SC_Related\git_tag\atlas\repository\src\main\java\org\apache\atlas\repository\graph\AtlasEdgeLabel.java,1,2
510,D:\program\SC_Related\git_tag\atlas\webapp\src\test\java\org\apache\atlas\notification\NotificationHookConsumerTest.java,36,12
511,D:\program\SC_Related\git_tag\atlas\intg\src\main\java\org\apache\atlas\entitytransform\HdfsPathEntityHandler.java,1,2
513,D:\program\SC_Related\git_tag\atlas\repository\src\main\java\org\apache\atlas\repository\impexp\ExportImportAuditService.java,1,5
514,D:\program\SC_Related\git_tag\atlas\webapp\src\test\java\org\apache\atlas\web\adapters\TestEntityRESTDelete.java,1,2
515,D:\program\SC_Related\git_tag\atlas\common\src\test\java\org\apache\atlas\utils\HdfsNameServiceResolverTest.java,1,2
518,D:\program\SC_Related\git_tag\atlas\common\src\main\java\org\apache\atlas\groovy\TypeCoersionExpression.java,16,4
519,D:\program\SC_Related\git_tag\atlas\intg\src\main\java\org\apache\atlas\model\glossary\AtlasGlossary.java,1,4
522,D:\program\SC_Related\git_tag\atlas\tools\atlas-migration-exporter\src\main\java\org\apache\atlas\migration\NoOpNotificationChangeListener.java,22,3
523,D:\program\SC_Related\git_tag\atlas\repository\src\main\java\org\apache\atlas\repository\store\graph\EntityGraphDiscovery.java,1,4
524,D:\program\SC_Related\git_tag\atlas\graphdb\janus\src\main\java\org\apache\atlas\repository\graphdb\janus\migration\pc\WorkItemConsumer.java,12,2
525,D:\program\SC_Related\git_tag\atlas\intg\src\main\java\org\apache\atlas\v1\model\lineage\SchemaResponse.java,1,2
527,D:\program\SC_Related\git_tag\atlas\repository\src\main\java\org\apache\atlas\repository\ogm\glossary\AtlasGlossaryDTO.java,1,4
528,D:\program\SC_Related\git_tag\atlas\notification\src\main\java\org\apache\atlas\notification\AbstractNotification.java,38,10
529,D:\program\SC_Related\git_tag\atlas\repository\src\main\java\org\apache\atlas\repository\store\graph\BulkImporter.java,12,2
530,D:\program\SC_Related\git_tag\atlas\intg\src\main\java\org\apache\atlas\utils\AtlasEntityUtil.java,1,6
531,D:\program\SC_Related\git_tag\atlas\intg\src\main\java\org\apache\atlas\model\instance\AtlasRelationship.java,1,13
532,D:\program\SC_Related\git_tag\atlas\webapp\src\main\java\org\apache\atlas\web\service\SecureEmbeddedServer.java,1,10
533,D:\program\SC_Related\git_tag\atlas\intg\src\main\java\org\apache\atlas\model\impexp\ExportImportAuditEntry.java,1,2
534,D:\program\SC_Related\git_tag\atlas\common\src\main\java\org\apache\atlas\groovy\CastExpression.java,16,4
535,D:\program\SC_Related\git_tag\atlas\intg\src\main\java\org\apache\atlas\model\notification\HookNotification.java,1,3
537,D:\program\SC_Related\git_tag\atlas\repository\src\main\java\org\apache\atlas\util\AtlasGremlin3QueryProvider.java,1,15
539,D:\program\SC_Related\git_tag\atlas\webapp\src\test\java\org\apache\atlas\web\integration\TypedefsJerseyResourceIT.java,1,3
541,D:\program\SC_Related\git_tag\atlas\webapp\src\test\java\org\apache\atlas\web\security\UserDaoTest.java,14,2
542,D:\program\SC_Related\git_tag\atlas\notification\src\main\java\org\apache\atlas\kafka\KafkaNotification.java,36,22
543,D:\program\SC_Related\git_tag\atlas\notification\src\main\java\org\apache\atlas\kafka\AtlasKafkaMessage.java,20,2
544,D:\program\SC_Related\git_tag\atlas\notification\src\main\java\org\apache\atlas\notification\NotificationInterface.java,38,11
545,D:\program\SC_Related\git_tag\atlas\webapp\src\test\java\org\apache\atlas\web\adapters\TestEntitiesREST.java,1,17
546,D:\program\SC_Related\git_tag\atlas\webapp\src\main\java\org\apache\atlas\web\security\AtlasAuthenticationProvider.java,14,8
547,D:\program\SC_Related\git_tag\atlas\addons\sqoop-bridge\src\test\java\org\apache\atlas\sqoop\hook\SqoopHookIT.java,7,14
548,D:\program\SC_Related\git_tag\atlas\addons\hive-bridge\src\main\java\org\apache\atlas\hive\hook\events\CreateTable.java,1,5
549,D:\program\SC_Related\git_tag\atlas\repository\src\main\java\org\apache\atlas\query\GremlinClause.java,1,10
551,D:\program\SC_Related\git_tag\atlas\client\common\src\main\java\org\apache\atlas\security\SecureClientUtils.java,1,3
553,D:\program\SC_Related\git_tag\atlas\graphdb\janus\src\test\java\org\apache\atlas\repository\graphdb\janus\migration\JsonNodeParsersTest.java,1,2
554,D:\program\SC_Related\git_tag\atlas\webapp\src\main\java\org\apache\atlas\notification\preprocessor\HivePreprocessor.java,17,5
555,D:\program\SC_Related\git_tag\atlas\repository\src\main\java\org\apache\atlas\repository\converters\AtlasAbstractFormatConverter.java,1,2
556,D:\program\SC_Related\git_tag\atlas\webapp\src\main\java\org\apache\atlas\web\service\ActiveInstanceState.java,1,5
557,D:\program\SC_Related\git_tag\atlas\repository\src\main\java\org\apache\atlas\repository\impexp\ZipSink.java,1,3
558,D:\program\SC_Related\git_tag\atlas\repository\src\main\java\org\apache\atlas\repository\store\graph\v1\HardDeleteHandlerV1.java,1,6
559,D:\program\SC_Related\git_tag\atlas\notification\src\main\java\org\apache\atlas\kafka\EmbeddedKafkaServer.java,1,2
561,D:\program\SC_Related\git_tag\atlas\webapp\src\test\java\org\apache\atlas\web\adapters\TestEntityREST.java,1,20
562,D:\program\SC_Related\git_tag\atlas\webapp\src\test\java\org\apache\atlas\web\filters\AtlasAuthenticationKerberosFilterTest.java,1,4
563,D:\program\SC_Related\git_tag\atlas\webapp\src\main\java\org\apache\atlas\web\dao\UserDao.java,14,7
564,D:\program\SC_Related\git_tag\atlas\repository\src\main\java\org\apache\atlas\query\IdentifierHelper.java,1,8
565,D:\program\SC_Related\git_tag\atlas\repository\src\main\java\org\apache\atlas\repository\impexp\TypeAttributeDifference.java,1,4
567,D:\program\SC_Related\git_tag\atlas\intg\src\main\java\org\apache\atlas\model\instance\EntityMutationResponse.java,1,16
569,D:\program\SC_Related\git_tag\atlas\notification\src\test\java\org\apache\atlas\notification\AbstractNotificationConsumerTest.java,38,12
570,D:\program\SC_Related\git_tag\atlas\repository\src\main\java\org\apache\atlas\repository\impexp\AtlasServerService.java,1,5
571,D:\program\SC_Related\git_tag\atlas\repository\src\test\java\org\apache\atlas\query\BasicTestSetup.java,1,5
572,D:\program\SC_Related\git_tag\atlas\repository\src\test\java\org\apache\atlas\repository\migration\HiveParititionTest.java,1,7
574,D:\program\SC_Related\git_tag\atlas\intg\src\main\java\org\apache\atlas\entitytransform\TransformationConstants.java,1,2
576,D:\program\SC_Related\git_tag\atlas\addons\hbase-bridge\src\test\java\org\apache\atlas\hbase\HBaseAtlasHookIT.java,1,5
577,D:\program\SC_Related\git_tag\atlas\addons\sqoop-bridge-shim\src\main\java\org\apache\atlas\sqoop\hook\SqoopHook.java,1,2
578,D:\program\SC_Related\git_tag\atlas\intg\src\test\java\org\apache\atlas\model\typedef\TestAtlasEntityDef.java,1,3
580,D:\program\SC_Related\git_tag\atlas\intg\src\test\java\org\apache\atlas\model\ModelTestUtil.java,1,10
582,D:\program\SC_Related\git_tag\atlas\webapp\src\main\java\org\apache\atlas\web\resources\MetadataDiscoveryResource.java,1,20
583,D:\program\SC_Related\git_tag\atlas\repository\src\main\java\org\apache\atlas\repository\impexp\ZipSource.java,1,12
584,D:\program\SC_Related\git_tag\atlas\webapp\src\test\java\org\apache\atlas\web\filters\ActiveServerFilterTest.java,1,5
585,D:\program\SC_Related\git_tag\atlas\intg\src\main\java\org\apache\atlas\v1\model\typedef\HierarchicalTypeDefinition.java,1,2
589,D:\program\SC_Related\git_tag\atlas\repository\src\main\java\org\apache\atlas\repository\converters\AtlasInstanceConverter.java,1,17
590,D:\program\SC_Related\git_tag\atlas\notification\src\main\java\org\apache\atlas\notification\entity\EntityMessageDeserializer.java,38,3
591,D:\program\SC_Related\git_tag\atlas\repository\src\main\java\org\apache\atlas\repository\store\graph\AtlasEntityStore.java,1,27
592,D:\program\SC_Related\git_tag\atlas\repository\src\main\java\org\apache\atlas\GraphTransactionInterceptor.java,1,13
593,D:\program\SC_Related\git_tag\atlas\repository\src\main\java\org\apache\atlas\repository\audit\EntityAuditListenerV2.java,1,8
594,D:\program\SC_Related\git_tag\atlas\webapp\src\main\java\org\apache\atlas\web\filters\AtlasKnoxSSOAuthenticationFilter.java,1,8
595,D:\program\SC_Related\git_tag\atlas\repository\src\main\java\org\apache\atlas\repository\store\graph\v1\SoftDeleteHandlerV1.java,1,10
596,D:\program\SC_Related\git_tag\atlas\repository\src\main\java\org\apache\atlas\repository\store\graph\v1\DeleteHandlerV1.java,1,48
597,D:\program\SC_Related\git_tag\atlas\repository\src\main\java\org\apache\atlas\query\antlr4\AtlasDSLParserVisitor.java,1,3
598,D:\program\SC_Related\git_tag\atlas\addons\storm-bridge\src\test\java\org\apache\atlas\storm\hook\StormAtlasHookIT.java,7,11
599,D:\program\SC_Related\git_tag\atlas\webapp\src\main\java\org\apache\atlas\util\CredentialProviderUtility.java,1,2
602,D:\program\SC_Related\git_tag\atlas\intg\src\test\java\org\apache\atlas\model\typedef\TestAtlasEnumDef.java,1,2
603,D:\program\SC_Related\git_tag\atlas\intg\src\test\java\org\apache\atlas\type\TestAtlasBooleanType.java,1,2
604,D:\program\SC_Related\git_tag\atlas\intg\src\main\java\org\apache\atlas\model\discovery\AtlasSearchResult.java,1,10
605,D:\program\SC_Related\git_tag\atlas\intg\src\main\java\org\apache\atlas\listener\TypeDefChangeListener.java,32,3
606,D:\program\SC_Related\git_tag\atlas\webapp\src\test\java\org\apache\atlas\web\security\SSLAndKerberosTest.java,1,8
608,D:\program\SC_Related\git_tag\atlas\intg\src\main\java\org\apache\atlas\v1\model\typedef\TypesDef.java,1,2
609,D:\program\SC_Related\git_tag\atlas\addons\falcon-bridge\src\main\java\org\apache\atlas\falcon\hook\FalconHook.java,3,13
610,D:\program\SC_Related\git_tag\atlas\common\src\main\java\org\apache\atlas\ha\HAConfiguration.java,1,2
611,D:\program\SC_Related\git_tag\atlas\graphdb\api\src\main\java\org\apache\atlas\repository\graphdb\AtlasVertex.java,1,4
612,D:\program\SC_Related\git_tag\atlas\repository\src\main\java\org\apache\atlas\discovery\ClassificationSearchProcessor.java,1,19
613,D:\program\SC_Related\git_tag\atlas\addons\sqoop-bridge\src\main\java\org\apache\atlas\sqoop\hook\SqoopHook.java,7,14
614,D:\program\SC_Related\git_tag\atlas\intg\src\main\java\org\apache\atlas\utils\AuthenticationUtil.java,1,3
616,D:\program\SC_Related\git_tag\atlas\common\src\main\java\org\apache\atlas\groovy\GroovyExpression.java,16,4
617,D:\program\SC_Related\git_tag\atlas\webapp\src\test\java\org\apache\atlas\web\resources\AdminResourceTest.java,1,12
619,D:\program\SC_Related\git_tag\atlas\repository\src\main\java\org\apache\atlas\repository\impexp\ImportTransformer.java,1,5
623,D:\program\SC_Related\git_tag\atlas\repository\src\main\java\org\apache\atlas\repository\impexp\AuditsWriter.java,1,10
624,D:\program\SC_Related\git_tag\atlas\intg\src\main\java\org\apache\atlas\entitytransform\BaseEntityHandler.java,1,4
625,D:\program\SC_Related\git_tag\atlas\repository\src\test\java\org\apache\atlas\repository\impexp\TypeAttributeDifferenceTest.java,1,3
626,D:\program\SC_Related\git_tag\atlas\repository\src\main\java\org\apache\atlas\repository\graph\GraphBackedSearchIndexer.java,1,40
627,D:\program\SC_Related\git_tag\atlas\repository\src\main\java\org\apache\atlas\repository\store\graph\AtlasTypeDefGraphStore.java,1,35
629,D:\program\SC_Related\git_tag\atlas\intg\src\main\java\org\apache\atlas\model\typedef\AtlasBaseTypeDef.java,1,12
631,D:\program\SC_Related\git_tag\atlas\repository\src\main\java\org\apache\atlas\repository\audit\EntityAuditListener.java,1,19
632,D:\program\SC_Related\git_tag\atlas\webapp\src\main\java\org\apache\atlas\examples\QuickStartV2.java,1,13
634,D:\program\SC_Related\git_tag\atlas\repository\src\test\java\org\apache\atlas\repository\impexp\ImportTransformsTest.java,1,6
636,D:\program\SC_Related\git_tag\atlas\graphdb\janus\src\main\java\org\apache\atlas\repository\graphdb\janus\AtlasJanusGraphManagement.java,1,3
637,D:\program\SC_Related\git_tag\atlas\repository\src\test\java\org\apache\atlas\glossary\GlossaryServiceTest.java,1,11
638,D:\program\SC_Related\git_tag\atlas\graphdb\janus\src\test\java\org\apache\atlas\repository\graphdb\janus\migration\BaseUtils.java,1,4
639,D:\program\SC_Related\git_tag\atlas\intg\src\main\java\org\apache\atlas\model\legacy\EntityResult.java,1,2
640,D:\program\SC_Related\git_tag\atlas\intg\src\main\java\org\apache\atlas\v1\model\instance\AtlasSystemAttributes.java,1,2
642,D:\program\SC_Related\git_tag\atlas\graphdb\janus\src\test\java\org\apache\atlas\repository\graphdb\janus\AbstractGraphDatabaseTest.java,5,4
643,D:\program\SC_Related\git_tag\atlas\notification\src\test\java\org\apache\atlas\notification\MessageVersionTest.java,38,2
645,D:\program\SC_Related\git_tag\atlas\intg\src\main\java\org\apache\atlas\v1\model\typedef\Multiplicity.java,4,3
647,D:\program\SC_Related\git_tag\atlas\graphdb\janus\src\test\java\org\apache\atlas\repository\graphdb\janus\JanusGraphProviderTest.java,1,3
648,D:\program\SC_Related\git_tag\atlas\webapp\src\test\java\org\apache\atlas\web\integration\EntityLineageJerseyResourceIT.java,1,3
650,D:\program\SC_Related\git_tag\atlas\intg\src\main\java\org\apache\atlas\model\TypeCategory.java,1,3
651,D:\program\SC_Related\git_tag\atlas\webapp\src\test\java\org\apache\atlas\web\integration\BaseResourceIT.java,1,11
653,D:\program\SC_Related\git_tag\atlas\intg\src\main\java\org\apache\atlas\store\AtlasTypeDefStore.java,1,9
654,D:\program\SC_Related\git_tag\atlas\intg\src\main\java\org\apache\atlas\v1\model\typedef\EnumTypeDefinition.java,1,2
655,D:\program\SC_Related\git_tag\atlas\repository\src\main\java\org\apache\atlas\repository\impexp\ImportTransformsShaper.java,1,2
656,D:\program\SC_Related\git_tag\atlas\intg\src\main\java\org\apache\atlas\v1\model\notification\HookNotificationV1.java,1,3
657,D:\program\SC_Related\git_tag\atlas\repository\src\main\java\org\apache\atlas\util\IndexedInstance.java,5,2
660,D:\program\SC_Related\git_tag\atlas\intg\src\main\java\org\apache\atlas\v1\model\typedef\ClassTypeDefinition.java,1,2
662,D:\program\SC_Related\git_tag\atlas\repository\src\test\java\org\apache\atlas\repository\impexp\ReplicationEntityAttributeTest.java,1,8
663,D:\program\SC_Related\git_tag\atlas\intg\src\main\java\org\apache\atlas\type\AtlasStructType.java,1,44
666,D:\program\SC_Related\git_tag\atlas\repository\src\test\java\org\apache\atlas\repository\audit\CassandraAuditRepositoryTest.java,6,3
667,D:\program\SC_Related\git_tag\atlas\intg\src\main\java\org\apache\atlas\model\instance\AtlasStruct.java,1,13
669,D:\program\SC_Related\git_tag\atlas\graphdb\janus\src\main\java\org\apache\atlas\repository\graphdb\janus\migration\ElementProcessors.java,1,4
672,D:\program\SC_Related\git_tag\atlas\repository\src\main\java\org\apache\atlas\repository\store\graph\v2\AtlasEntityStream.java,1,2
673,D:\program\SC_Related\git_tag\atlas\graphdb\api\src\main\java\org\apache\atlas\repository\graphdb\AtlasSchemaViolationException.java,8,2
675,D:\program\SC_Related\git_tag\atlas\addons\storm-bridge\src\test\java\org\apache\atlas\storm\hook\StormTestUtil.java,7,2
676,D:\program\SC_Related\git_tag\atlas\graphdb\janus\src\main\java\org\apache\atlas\repository\graphdb\janus\migration\ReaderStatusManager.java,1,3
677,D:\program\SC_Related\git_tag\atlas\addons\hive-bridge\src\main\java\org\apache\atlas\hive\hook\HiveHook.java,1,55
678,D:\program\SC_Related\git_tag\atlas\addons\hive-bridge\src\main\java\org\apache\atlas\hive\hook\events\AlterTableRename.java,1,4
680,D:\program\SC_Related\git_tag\atlas\addons\hive-bridge\src\test\java\org\apache\atlas\hive\bridge\HiveMetaStoreBridgeTest.java,1,13
681,D:\program\SC_Related\git_tag\atlas\repository\src\test\java\org\apache\atlas\repository\migration\TypesWithClassificationTest.java,1,2
684,D:\program\SC_Related\git_tag\atlas\intg\src\test\java\org\apache\atlas\model\instance\TestAtlasEntity.java,1,3
685,D:\program\SC_Related\git_tag\atlas\repository\src\test\java\org\apache\atlas\repository\audit\AuditRepositoryTestBase.java,1,12
686,D:\program\SC_Related\git_tag\atlas\webapp\src\main\java\org\apache\atlas\web\resources\TypesResource.java,1,27
687,D:\program\SC_Related\git_tag\atlas\common\src\main\java\org\apache\atlas\groovy\TernaryOperatorExpression.java,16,4
688,D:\program\SC_Related\git_tag\atlas\plugin-classloader\src\main\java\org\apache\atlas\plugin\classloader\AtlasPluginClassLoader.java,1,6
689,D:\program\SC_Related\git_tag\atlas\common\src\main\java\org\apache\atlas\groovy\ComparisonExpression.java,16,4
690,D:\program\SC_Related\git_tag\atlas\addons\hive-bridge\src\main\java\org\apache\atlas\hive\model\HiveDataTypes.java,23,2
691,D:\program\SC_Related\git_tag\atlas\notification\src\test\java\org\apache\atlas\notification\SplitMessageAggregatorTest.java,38,2
693,D:\program\SC_Related\git_tag\atlas\addons\hive-bridge\src\main\java\org\apache\atlas\hive\bridge\HiveMetaStoreBridge.java,1,53
694,D:\program\SC_Related\git_tag\atlas\graphdb\janus\src\main\java\org\janusgraph\diskstorage\solr\Solr6Index.java,1,2
695,D:\program\SC_Related\git_tag\atlas\webapp\src\main\java\org\apache\atlas\web\resources\DataSetLineageResource.java,1,8
697,D:\program\SC_Related\git_tag\atlas\repository\src\main\java\org\apache\atlas\repository\ogm\glossary\AtlasGlossaryTermDTO.java,1,9
698,D:\program\SC_Related\git_tag\atlas\repository\src\test\java\org\apache\atlas\repository\tagpropagation\ClassificationPropagationTest.java,1,8
699,D:\program\SC_Related\git_tag\atlas\webapp\src\test\java\org\apache\atlas\web\integration\TypesJerseyResourceIT.java,1,6
700,D:\program\SC_Related\git_tag\atlas\repository\src\test\java\org\apache\atlas\repository\migration\MigrationProgressServiceTest.java,1,3
702,D:\program\SC_Related\git_tag\atlas\webapp\src\main\java\org\apache\atlas\web\resources\AdminResource.java,1,45
703,D:\program\SC_Related\git_tag\atlas\graphdb\api\src\main\java\org\apache\atlas\repository\graphdb\GremlinVersion.java,11,3
704,D:\program\SC_Related\git_tag\atlas\notification\src\main\java\org\apache\atlas\notification\NotificationConsumer.java,36,12
705,D:\program\SC_Related\git_tag\atlas\addons\falcon-bridge\src\main\java\org\apache\atlas\falcon\service\AtlasService.java,3,3
706,D:\program\SC_Related\git_tag\atlas\webapp\src\main\java\org\apache\atlas\web\filters\AuditFilter.java,1,13
708,D:\program\SC_Related\git_tag\atlas\webapp\src\main\java\org\apache\atlas\web\util\LineageUtils.java,1,3
710,D:\program\SC_Related\git_tag\atlas\intg\src\main\java\org\apache\atlas\model\impexp\AtlasImportRequest.java,1,10
711,D:\program\SC_Related\git_tag\atlas\webapp\src\main\java\org\apache\atlas\web\setup\SetupSteps.java,1,6
712,D:\program\SC_Related\git_tag\atlas\repository\src\main\java\org\apache\atlas\util\AttributeValueMap.java,5,2
713,D:\program\SC_Related\git_tag\atlas\graphdb\janus\src\main\java\org\apache\atlas\repository\graphdb\janus\AtlasJanusGraph.java,1,12
715,D:\program\SC_Related\git_tag\atlas\repository\src\main\java\org\apache\atlas\query\GremlinQuery.java,9,2
716,D:\program\SC_Related\git_tag\atlas\webapp\src\test\java\org\apache\atlas\examples\QuickStartIT.java,1,10
718,D:\program\SC_Related\git_tag\atlas\repository\src\main\java\org\apache\atlas\repository\store\graph\v2\AtlasEntityStoreV2.java,1,21
719,D:\program\SC_Related\git_tag\atlas\webapp\src\main\java\org\apache\atlas\web\service\UserService.java,14,2
720,D:\program\SC_Related\git_tag\atlas\repository\src\main\java\org\apache\atlas\glossary\GlossaryService.java,1,17
721,D:\program\SC_Related\git_tag\atlas\repository\src\main\java\org\apache\atlas\repository\store\bootstrap\AtlasTypeDefStoreInitializer.java,1,26
722,D:\program\SC_Related\git_tag\atlas\graphdb\janus\src\main\java\org\apache\atlas\repository\graphdb\janus\migration\AtlasGraphSONReader.java,1,5
723,D:\program\SC_Related\git_tag\atlas\notification\src\test\java\org\apache\atlas\notification\hook\HookNotificationTest.java,1,6
724,D:\program\SC_Related\git_tag\atlas\webapp\src\main\java\org\apache\atlas\web\errors\AtlasBaseExceptionMapper.java,1,3
725,D:\program\SC_Related\git_tag\atlas\intg\src\test\java\org\apache\atlas\entitytransform\TransformationHandlerTest.java,1,4
726,D:\program\SC_Related\git_tag\atlas\intg\src\main\java\org\apache\atlas\v1\model\typedef\AttributeDefinition.java,4,4
729,D:\program\SC_Related\git_tag\atlas\intg\src\test\java\org\apache\atlas\type\TestAtlasDateType.java,1,4
730,D:\program\SC_Related\git_tag\atlas\repository\src\main\java\org\apache\atlas\query\RegistryBasedLookup.java,1,10
731,D:\program\SC_Related\git_tag\atlas\addons\hbase-bridge\src\main\java\org\apache\atlas\hbase\bridge\HBaseBridge.java,1,4
732,D:\program\SC_Related\git_tag\atlas\graphdb\janus\src\main\java\org\apache\atlas\repository\graphdb\janus\migration\GraphSONTokensTP2.java,1,2
733,D:\program\SC_Related\git_tag\atlas\intg\src\test\java\org\apache\atlas\type\TestAtlasIntType.java,1,2
734,D:\program\SC_Related\git_tag\atlas\intg\src\main\java\org\apache\atlas\model\typedef\AtlasEnumDef.java,1,9
736,D:\program\SC_Related\git_tag\atlas\intg\src\main\java\org\apache\atlas\model\audit\EntityAuditEventV2.java,1,5
737,D:\program\SC_Related\git_tag\atlas\graphdb\api\src\main\java\org\apache\atlas\repository\graphdb\AtlasGraphManagement.java,1,7
738,D:\program\SC_Related\git_tag\atlas\repository\src\main\java\org\apache\atlas\repository\store\graph\v2\AtlasEntityGraphDiscoveryV2.java,1,3
739,D:\program\SC_Related\git_tag\atlas\webapp\src\test\java\org\apache\atlas\web\security\NegativeSSLAndKerberosTest.java,1,8
